"","Mean","SE","Day_Treatment","Day","Plate.ID","Reading.Date.Time","Mean.RFU..Chl.a70.460.685.","Std.Dev.RFU..Chl.a70.460.685.","CV.RFU..Chl.a70.460.685.","Mean.RFU..Chl.a100.460.685.","Std.Dev.RFU..Chl.a100.460.685.","CV.RFU..Chl.a100.460.685.","Treatment"
"1",9.75,1.10867789130417,"0_10",0,"Day0-Plate1 Algae-Bacteria Growth Experiment","3/16/2018 18:49",12,6.604,55.547,8,2.744,32.491,"10"
"2",9.75,1.10867789130417,"0_10",0,"Day0-Plate3 Algae-Bacteria Growth Experiment","3/16/2018 19:12",11,5.652,50.364,10,7.091,74.205,"10"
"3",9.75,1.10867789130417,"0_10",0,"Day0-Plate4 Algae-Bacteria Growth Experiment","3/16/2018 19:22",7,6.187,94.376,8,5.947,75.378,"10"
"4",9.75,1.10867789130417,"0_10",0,"Day0-Plate4 Algae-Bacteria Growth Experiment","3/16/2018 19:22",9,5.454,62.935,7,3.528,48.845,"10"
"5",6,1,"0_13",0,"Day0-Plate2 Algae-Bacteria Growth Experiment","3/16/2018 19:03",5,3.841,76.811,8,5.679,74.073,"13"
"6",6,1,"0_13",0,"Day0-Plate3 Algae-Bacteria Growth Experiment","3/16/2018 19:12",7,7.78,118.677,7,4.243,63.64,"13"
"7",7,0.577350269189626,"0_14",0,"Day0-Plate2 Algae-Bacteria Growth Experiment","3/16/2018 19:03",8,6.91,86.377,7,3.877,52.073,"14"
"8",7,0.577350269189626,"0_14",0,"Day0-Plate3 Algae-Bacteria Growth Experiment","3/16/2018 19:12",7,6.528,94.757,6,4.272,67.453,"14"
"9",7,0.577350269189626,"0_14",0,"Day0-Plate4 Algae-Bacteria Growth Experiment","3/16/2018 19:22",6,4.183,69.722,7,4.79,66.324,"14"
"10",11,1,"0_19",0,"Day0-Plate1 Algae-Bacteria Growth Experiment","3/16/2018 18:49",9,6.103,70.422,7,6.642,93.398,"19"
"11",11,1,"0_19",0,"Day0-Plate2 Algae-Bacteria Growth Experiment","3/16/2018 19:03",12,4.79,40.67,6,4.822,76.134,"19"
"12",11,1,"0_19",0,"Day0-Plate5 Algae-Bacteria Growth Experiment","3/16/2018 19:31",12,6.576,56.37,8,5.223,61.849,"19"
"13",8.6,0.871779788708135,"0_2",0,"Day0-Plate1 Algae-Bacteria Growth Experiment","3/16/2018 18:49",8,3.873,46.476,9,7.616,87.874,"2"
"14",8.6,0.871779788708135,"0_2",0,"Day0-Plate2 Algae-Bacteria Growth Experiment","3/16/2018 19:03",11,7.049,65.407,5,3.041,57.026,"2"
"15",8.6,0.871779788708135,"0_2",0,"Day0-Plate3 Algae-Bacteria Growth Experiment","3/16/2018 19:12",8,4.975,62.187,5,4.859,99.391,"2"
"16",8.6,0.871779788708135,"0_2",0,"Day0-Plate4 Algae-Bacteria Growth Experiment","3/16/2018 19:22",10,5.472,55.965,6,4.324,69.488,"2"
"17",8.6,0.871779788708135,"0_2",0,"Day0-Plate5 Algae-Bacteria Growth Experiment","3/16/2018 19:31",6,6.164,97.333,5,6.058,126.787,"2"
"18",11,0,"0_20",0,"Day0-Plate1 Algae-Bacteria Growth Experiment","3/16/2018 18:49",11,6.451,59.241,5,5.723,114.455,"20"
"19",11,0,"0_20",0,"Day0-Plate3 Algae-Bacteria Growth Experiment","3/16/2018 19:12",11,4.79,44.444,10,4.555,47.123,"20"
"20",11,0,"0_20",0,"Day0-Plate5 Algae-Bacteria Growth Experiment","3/16/2018 19:31",11,5.769,50.406,7,5.05,75.746,"20"
"21",5.66666666666667,0.333333333333333,"0_23",0,"Day0-Plate2 Algae-Bacteria Growth Experiment","3/16/2018 19:03",5,5.988,117.165,7,5.545,83.179,"23"
"22",5.66666666666667,0.333333333333333,"0_23",0,"Day0-Plate3 Algae-Bacteria Growth Experiment","3/16/2018 19:12",6,5.701,95.015,6,5.48,85.031,"23"
"23",5.66666666666667,0.333333333333333,"0_23",0,"Day0-Plate5 Algae-Bacteria Growth Experiment","3/16/2018 19:31",6,4.936,83.814,10,5.812,60.822,"23"
"24",9,0.577350269189626,"0_24",0,"Day0-Plate1 Algae-Bacteria Growth Experiment","3/16/2018 18:49",9,4.893,53.06,4,5.069,134.179,"24"
"25",9,0.577350269189626,"0_24",0,"Day0-Plate2 Algae-Bacteria Growth Experiment","3/16/2018 19:03",8,5.099,66.509,10,6.431,65.035,"24"
"26",9,0.577350269189626,"0_24",0,"Day0-Plate4 Algae-Bacteria Growth Experiment","3/16/2018 19:22",10,7.124,71.239,10,5.247,50.234,"24"
"27",9,1.15470053837925,"0_8",0,"Day0-Plate1 Algae-Bacteria Growth Experiment","3/16/2018 18:49",11,6.928,61.131,5,6.265,117.468,"8"
"28",9,1.15470053837925,"0_8",0,"Day0-Plate3 Algae-Bacteria Growth Experiment","3/16/2018 19:12",7,5.732,83.213,6,5.123,80.897,"8"
"29",9,1.15470053837925,"0_8",0,"Day0-Plate4 Algae-Bacteria Growth Experiment","3/16/2018 19:22",9,5.294,61.879,10,5.831,60.32,"8"
"30",6.25,1.49303940559741,"1_10",1,"Day1-Plate1 Algae-Bacteria Growth Experiment","3/17/2018 13:38",10,6.144,59.459,2,3.041,152.069,"10"
"31",6.25,1.49303940559741,"1_10",1,"Day1-Plate3 Algae-Bacteria Growth Experiment","3/17/2018 13:57",5,5.788,108.523,5,5.199,114.121,"10"
"32",6.25,1.49303940559741,"1_10",1,"Day1-Plate4 Algae-Bacteria Growth Experiment","3/17/2018 14:07",7,5.159,74.883,6,3.855,65.462,"10"
"33",6.25,1.49303940559741,"1_10",1,"Day1-Plate4 Algae-Bacteria Growth Experiment","3/17/2018 14:07",3,3.708,123.603,2,5.385,230.793,"10"
"34",4,0,"1_13",1,"Day1-Plate2 Algae-Bacteria Growth Experiment","3/17/2018 13:48",4,2.571,62.543,8,5.696,73.234,"13"
"35",4,0,"1_13",1,"Day1-Plate3 Algae-Bacteria Growth Experiment","3/17/2018 13:57",4,5.94,133.639,9,5.239,56.806,"13"
"36",7,0.577350269189626,"1_14",1,"Day1-Plate2 Algae-Bacteria Growth Experiment","3/17/2018 13:48",7,5.244,78.661,4,4.796,119.896,"14"
"37",7,0.577350269189626,"1_14",1,"Day1-Plate3 Algae-Bacteria Growth Experiment","3/17/2018 13:57",8,6.667,81.081,8,5.703,75.485,"14"
"38",7,0.577350269189626,"1_14",1,"Day1-Plate4 Algae-Bacteria Growth Experiment","3/17/2018 14:07",6,6.692,120.449,4,3.941,110.827,"14"
"39",6,0.577350269189626,"1_19",1,"Day1-Plate1 Algae-Bacteria Growth Experiment","3/17/2018 13:38",5,6.819,127.858,9,8.09,87.72,"19"
"40",6,0.577350269189626,"1_19",1,"Day1-Plate2 Algae-Bacteria Growth Experiment","3/17/2018 13:48",7,4.256,61.777,9,4.927,57.591,"19"
"41",6,0.577350269189626,"1_19",1,"Day1-Plate5 Algae-Bacteria Growth Experiment","3/17/2018 14:16",6,6.225,109.852,4,3.937,98.425,"19"
"42",6.2,1.113552872566,"1_2",1,"Day1-Plate1 Algae-Bacteria Growth Experiment","3/17/2018 13:38",8,5.11,64.773,6,7.311,126.529,"2"
"43",6.2,1.113552872566,"1_2",1,"Day1-Plate2 Algae-Bacteria Growth Experiment","3/17/2018 13:48",8,5.215,67.048,2,3.333,157.895,"2"
"44",6.2,1.113552872566,"1_2",1,"Day1-Plate3 Algae-Bacteria Growth Experiment","3/17/2018 13:57",4,5.477,136.931,3,4.676,150.287,"2"
"45",6.2,1.113552872566,"1_2",1,"Day1-Plate4 Algae-Bacteria Growth Experiment","3/17/2018 14:07",8,7.981,102.611,5,5.292,105.83,"2"
"46",6.2,1.113552872566,"1_2",1,"Day1-Plate5 Algae-Bacteria Growth Experiment","3/17/2018 14:16",3,3.321,96.411,5,5.578,114.09,"2"
"47",6.66666666666667,0.333333333333333,"1_20",1,"Day1-Plate1 Algae-Bacteria Growth Experiment","3/17/2018 13:38",7,6.384,95.754,6,6.207,96.317,"20"
"48",6.66666666666667,0.333333333333333,"1_20",1,"Day1-Plate3 Algae-Bacteria Growth Experiment","3/17/2018 13:57",7,6.442,87.846,3,3.575,103.779,"20"
"49",6.66666666666667,0.333333333333333,"1_20",1,"Day1-Plate5 Algae-Bacteria Growth Experiment","3/17/2018 14:16",6,2.872,45.352,5,3.841,72.011,"20"
"50",6,1.52752523165195,"1_23",1,"Day1-Plate2 Algae-Bacteria Growth Experiment","3/17/2018 13:48",5,6.654,122.219,2,2.007,129.017,"23"
"51",6,1.52752523165195,"1_23",1,"Day1-Plate3 Algae-Bacteria Growth Experiment","3/17/2018 13:57",4,5.918,133.165,7,6.5,88.636,"23"
"52",6,1.52752523165195,"1_23",1,"Day1-Plate5 Algae-Bacteria Growth Experiment","3/17/2018 14:16",9,6.28,71.55,6,4.919,79.052,"23"
"53",5.33333333333333,1.33333333333333,"1_24",1,"Day1-Plate1 Algae-Bacteria Growth Experiment","3/17/2018 13:38",8,5.411,64.076,9,8.86,98.445,"24"
"54",5.33333333333333,1.33333333333333,"1_24",1,"Day1-Plate2 Algae-Bacteria Growth Experiment","3/17/2018 13:48",4,4.969,117.695,4,4.167,107.143,"24"
"55",5.33333333333333,1.33333333333333,"1_24",1,"Day1-Plate4 Algae-Bacteria Growth Experiment","3/17/2018 14:07",4,5.215,123.509,4,5.585,132.281,"24"
"56",4.66666666666667,0.333333333333333,"1_8",1,"Day1-Plate1 Algae-Bacteria Growth Experiment","3/17/2018 13:38",4,5.932,140.506,4,4.031,93.026,"8"
"57",4.66666666666667,0.333333333333333,"1_8",1,"Day1-Plate3 Algae-Bacteria Growth Experiment","3/17/2018 13:57",5,2.784,55.678,4,4.649,119.54,"8"
"58",4.66666666666667,0.333333333333333,"1_8",1,"Day1-Plate4 Algae-Bacteria Growth Experiment","3/17/2018 14:07",5,3.905,78.102,5,6.745,134.907,"8"
"59",525,48.9931968066316,"10_10",10,"Day10-Plate1 Algae-Bacteria Growth Experiment","3/26/2018 12:44",638,264.042,41.393,489,190.191,38.876,"10"
"60",525,48.9931968066316,"10_10",10,"Day10-Plate3 Algae-Bacteria Growth Experiment","3/26/2018 13:10",574,211.982,36.924,548,214.058,39.093,"10"
"61",525,48.9931968066316,"10_10",10,"Day10-Plate4 Algae-Bacteria Growth Experiment","3/26/2018 13:19",460,252.987,54.957,411,221.004,53.787,"10"
"62",525,48.9931968066316,"10_10",10,"Day10-Plate4 Algae-Bacteria Growth Experiment","3/26/2018 13:19",428,218.73,51.145,421,197.174,46.785,"10"
"63",468.5,56.5,"10_13",10,"Day10-Plate2 Algae-Bacteria Growth Experiment","3/26/2018 13:00",412,244.719,59.366,376,209.245,55.667,"13"
"64",468.5,56.5,"10_13",10,"Day10-Plate3 Algae-Bacteria Growth Experiment","3/26/2018 13:10",525,220.396,41.98,506,234.204,46.295,"13"
"65",433,19.8578280114753,"10_14",10,"Day10-Plate2 Algae-Bacteria Growth Experiment","3/26/2018 13:00",402,161.948,40.252,373,140.236,37.563,"14"
"66",433,19.8578280114753,"10_14",10,"Day10-Plate3 Algae-Bacteria Growth Experiment","3/26/2018 13:10",470,201.68,42.89,458,198.415,43.301,"14"
"67",433,19.8578280114753,"10_14",10,"Day10-Plate4 Algae-Bacteria Growth Experiment","3/26/2018 13:19",427,251.103,58.791,418,248.985,59.534,"14"
"68",495,45.4899256246186,"10_19",10,"Day10-Plate1 Algae-Bacteria Growth Experiment","3/26/2018 12:44",559,216.985,38.832,465,169.703,36.487,"19"
"69",495,45.4899256246186,"10_19",10,"Day10-Plate2 Algae-Bacteria Growth Experiment","3/26/2018 13:00",407,220.912,54.337,364,194.133,53.382,"19"
"70",495,45.4899256246186,"10_19",10,"Day10-Plate5 Algae-Bacteria Growth Experiment","3/26/2018 13:28",519,335.681,64.692,473,303.134,64.133,"19"
"71",445.4,48.1566194826838,"10_2",10,"Day10-Plate1 Algae-Bacteria Growth Experiment","3/26/2018 12:44",519,225.391,43.446,432,168.394,38.98,"2"
"72",445.4,48.1566194826838,"10_2",10,"Day10-Plate2 Algae-Bacteria Growth Experiment","3/26/2018 13:00",303,160.866,53.013,293,154.119,52.521,"2"
"73",445.4,48.1566194826838,"10_2",10,"Day10-Plate3 Algae-Bacteria Growth Experiment","3/26/2018 13:10",534,300.346,56.291,518,307.546,59.334,"2"
"74",445.4,48.1566194826838,"10_2",10,"Day10-Plate4 Algae-Bacteria Growth Experiment","3/26/2018 13:19",356,233.119,65.483,345,226.178,65.474,"2"
"75",445.4,48.1566194826838,"10_2",10,"Day10-Plate5 Algae-Bacteria Growth Experiment","3/26/2018 13:28",515,403.281,78.358,480,331.891,69.16,"2"
"76",621,48.3873261643308,"10_20",10,"Day10-Plate1 Algae-Bacteria Growth Experiment","3/26/2018 12:44",713,265.848,37.309,551,212.017,38.494,"20"
"77",621,48.3873261643308,"10_20",10,"Day10-Plate3 Algae-Bacteria Growth Experiment","3/26/2018 13:10",549,209.02,38.081,516,212.355,41.136,"20"
"78",621,48.3873261643308,"10_20",10,"Day10-Plate5 Algae-Bacteria Growth Experiment","3/26/2018 13:28",601,383.81,63.909,516,303.249,58.731,"20"
"79",514.333333333333,62.3600655690625,"10_23",10,"Day10-Plate2 Algae-Bacteria Growth Experiment","3/26/2018 13:00",390,193.578,49.635,369,178.032,48.247,"23"
"80",514.333333333333,62.3600655690625,"10_23",10,"Day10-Plate3 Algae-Bacteria Growth Experiment","3/26/2018 13:10",568,210.677,37.113,545,194.788,35.756,"23"
"81",514.333333333333,62.3600655690625,"10_23",10,"Day10-Plate5 Algae-Bacteria Growth Experiment","3/26/2018 13:28",585,394.048,67.307,539,366.351,67.969,"23"
"82",441,53.507008886687,"10_24",10,"Day10-Plate1 Algae-Bacteria Growth Experiment","3/26/2018 12:44",524,241.238,46.047,464,221.131,47.692,"24"
"83",441,53.507008886687,"10_24",10,"Day10-Plate2 Algae-Bacteria Growth Experiment","3/26/2018 13:00",341,146.612,42.967,319,125.54,39.341,"24"
"84",441,53.507008886687,"10_24",10,"Day10-Plate4 Algae-Bacteria Growth Experiment","3/26/2018 13:19",458,258.728,56.45,397,216.719,54.589,"24"
"85",510.666666666667,40.9932243723819,"10_8",10,"Day10-Plate1 Algae-Bacteria Growth Experiment","3/26/2018 12:44",570,222.467,39.014,468,176.199,37.658,"8"
"86",510.666666666667,40.9932243723819,"10_8",10,"Day10-Plate3 Algae-Bacteria Growth Experiment","3/26/2018 13:10",530,201.716,38.068,527,191.651,36.336,"8"
"87",510.666666666667,40.9932243723819,"10_8",10,"Day10-Plate4 Algae-Bacteria Growth Experiment","3/26/2018 13:19",432,238.897,55.343,420,231.666,55.159,"8"
"88",541.25,39.6996536508821,"11_10",11,"Day11-Plate1 Algae-Bacteria Growth Experiment","3/27/2018 14:11",606,255.453,42.162,502,223.773,44.576,"10"
"89",541.25,39.6996536508821,"11_10",11,"Day11-Plate3 Algae-Bacteria Growth Experiment","3/27/2018 14:31",501,347.302,69.276,494,330.548,66.913,"10"
"90",541.25,39.6996536508821,"11_10",11,"Day11-Plate4 Algae-Bacteria Growth Experiment","3/27/2018 14:45",449,218.813,48.685,462,222.521,48.165,"10"
"91",541.25,39.6996536508821,"11_10",11,"Day11-Plate4 Algae-Bacteria Growth Experiment","3/27/2018 14:45",609,211.452,34.715,615,209.625,34.067,"10"
"92",489,21,"11_13",11,"Day11-Plate2 Algae-Bacteria Growth Experiment","3/27/2018 14:21",510,242.684,47.596,473,226.249,47.833,"13"
"93",489,21,"11_13",11,"Day11-Plate3 Algae-Bacteria Growth Experiment","3/27/2018 14:31",468,214.1,45.737,470,204.226,43.432,"13"
"94",452,12.8582010146573,"11_14",11,"Day11-Plate2 Algae-Bacteria Growth Experiment","3/27/2018 14:21",476,183.908,38.672,470,179.424,38.139,"14"
"95",452,12.8582010146573,"11_14",11,"Day11-Plate3 Algae-Bacteria Growth Experiment","3/27/2018 14:31",448,267.293,59.619,449,266.326,59.374,"14"
"96",452,12.8582010146573,"11_14",11,"Day11-Plate4 Algae-Bacteria Growth Experiment","3/27/2018 14:45",432,202.406,46.889,445,199.835,44.929,"14"
"97",504,9,"11_19",11,"Day11-Plate1 Algae-Bacteria Growth Experiment","3/27/2018 14:11",513,175.328,34.155,443,164.461,37.162,"19"
"98",504,9,"11_19",11,"Day11-Plate2 Algae-Bacteria Growth Experiment","3/27/2018 14:21",486,274.571,56.522,439,234.723,53.414,"19"
"99",504,9,"11_19",11,"Day11-Plate5 Algae-Bacteria Growth Experiment","3/27/2018 14:57",513,199.875,38.97,491,187.812,38.216,"19"
"100",489,26.9128222228736,"11_2",11,"Day11-Plate1 Algae-Bacteria Growth Experiment","3/27/2018 14:11",539,188.678,35.005,449,150.638,33.566,"2"
"101",489,26.9128222228736,"11_2",11,"Day11-Plate2 Algae-Bacteria Growth Experiment","3/27/2018 14:21",397,219.113,55.223,366,215.119,58.794,"2"
"102",489,26.9128222228736,"11_2",11,"Day11-Plate3 Algae-Bacteria Growth Experiment","3/27/2018 14:31",494,318.595,64.435,501,310.961,62.096,"2"
"103",489,26.9128222228736,"11_2",11,"Day11-Plate4 Algae-Bacteria Growth Experiment","3/27/2018 14:45",470,195.826,41.645,479,195.461,40.806,"2"
"104",489,26.9128222228736,"11_2",11,"Day11-Plate5 Algae-Bacteria Growth Experiment","3/27/2018 14:57",545,202.545,37.157,511,197.453,38.615,"2"
"105",591,39.7030645332742,"11_20",11,"Day11-Plate1 Algae-Bacteria Growth Experiment","3/27/2018 14:11",656,252.003,38.389,550,218.797,39.765,"20"
"106",591,39.7030645332742,"11_20",11,"Day11-Plate3 Algae-Bacteria Growth Experiment","3/27/2018 14:31",519,396.66,76.379,507,386.99,76.296,"20"
"107",591,39.7030645332742,"11_20",11,"Day11-Plate5 Algae-Bacteria Growth Experiment","3/27/2018 14:57",598,242.792,40.578,574,242.167,42.181,"20"
"108",541.333333333333,36.5528536657689,"11_23",11,"Day11-Plate2 Algae-Bacteria Growth Experiment","3/27/2018 14:21",553,300.906,54.446,501,285.253,56.937,"23"
"109",541.333333333333,36.5528536657689,"11_23",11,"Day11-Plate3 Algae-Bacteria Growth Experiment","3/27/2018 14:31",473,292.298,61.739,467,282.817,60.575,"23"
"110",541.333333333333,36.5528536657689,"11_23",11,"Day11-Plate5 Algae-Bacteria Growth Experiment","3/27/2018 14:57",598,240.984,40.291,588,220.02,37.418,"23"
"111",520.666666666667,29.0363756538434,"11_24",11,"Day11-Plate1 Algae-Bacteria Growth Experiment","3/27/2018 14:11",578,298.086,51.562,512,254.891,49.783,"24"
"112",520.666666666667,29.0363756538434,"11_24",11,"Day11-Plate2 Algae-Bacteria Growth Experiment","3/27/2018 14:21",500,238.839,47.81,429,187.588,43.704,"24"
"113",520.666666666667,29.0363756538434,"11_24",11,"Day11-Plate4 Algae-Bacteria Growth Experiment","3/27/2018 14:45",484,187.804,38.767,504,210.137,41.676,"24"
"114",491.666666666667,33.7359024054658,"11_8",11,"Day11-Plate1 Algae-Bacteria Growth Experiment","3/27/2018 14:11",516,180.419,34.965,439,137.247,31.287,"8"
"115",491.666666666667,33.7359024054658,"11_8",11,"Day11-Plate3 Algae-Bacteria Growth Experiment","3/27/2018 14:31",534,249.293,46.684,525,248.532,47.369,"8"
"116",491.666666666667,33.7359024054658,"11_8",11,"Day11-Plate4 Algae-Bacteria Growth Experiment","3/27/2018 14:45",425,222.633,52.343,433,219.48,50.675,"8"
"117",612,41.4809193083599,"12_10",12,"Day12-Plate1 Algae-Bacteria Growth Experiment","3/28/2018 13:08",594,251.384,42.289,449,178.003,39.684,"10"
"118",612,41.4809193083599,"12_10",12,"Day12-Plate3 Algae-Bacteria Growth Experiment","3/28/2018 13:28",694,256.905,37,657,250.702,38.171,"10"
"119",612,41.4809193083599,"12_10",12,"Day12-Plate4 Algae-Bacteria Growth Experiment","3/28/2018 13:38",504,267.692,53.078,496,259.681,52.367,"10"
"120",612,41.4809193083599,"12_10",12,"Day12-Plate4 Algae-Bacteria Growth Experiment","3/28/2018 13:38",656,260.181,39.682,626,233.408,37.312,"10"
"121",546,20,"12_13",12,"Day12-Plate2 Algae-Bacteria Growth Experiment","3/28/2018 13:17",526,235.233,44.721,510,223.027,43.702,"13"
"122",546,20,"12_13",12,"Day12-Plate3 Algae-Bacteria Growth Experiment","3/28/2018 13:28",566,227.698,40.253,558,230.198,41.229,"13"
"123",498.333333333333,26.1937227425029,"12_14",12,"Day12-Plate2 Algae-Bacteria Growth Experiment","3/28/2018 13:17",465,183.959,39.561,398,150.159,37.739,"14"
"124",498.333333333333,26.1937227425029,"12_14",12,"Day12-Plate3 Algae-Bacteria Growth Experiment","3/28/2018 13:28",550,229.341,41.715,545,224.53,41.19,"14"
"125",498.333333333333,26.1937227425029,"12_14",12,"Day12-Plate4 Algae-Bacteria Growth Experiment","3/28/2018 13:38",480,237.862,49.589,496,236.75,47.743,"14"
"126",498.666666666667,41.8343293374127,"12_19",12,"Day12-Plate1 Algae-Bacteria Growth Experiment","3/28/2018 13:08",441,142.09,32.196,347,101.645,29.255,"19"
"127",498.666666666667,41.8343293374127,"12_19",12,"Day12-Plate2 Algae-Bacteria Growth Experiment","3/28/2018 13:17",475,243.507,51.217,390,195.004,50.029,"19"
"128",498.666666666667,41.8343293374127,"12_19",12,"Day12-Plate5 Algae-Bacteria Growth Experiment","3/28/2018 13:48",580,219.525,37.849,563,219.369,38.972,"19"
"129",506.2,30.1519485274169,"12_2",12,"Day12-Plate1 Algae-Bacteria Growth Experiment","3/28/2018 13:08",463,148.814,32.149,377,109.924,29.175,"2"
"130",506.2,30.1519485274169,"12_2",12,"Day12-Plate2 Algae-Bacteria Growth Experiment","3/28/2018 13:17",431,206.943,48.027,398,180.611,45.405,"2"
"131",506.2,30.1519485274169,"12_2",12,"Day12-Plate3 Algae-Bacteria Growth Experiment","3/28/2018 13:28",540,285.149,52.805,508,267.275,52.579,"2"
"132",506.2,30.1519485274169,"12_2",12,"Day12-Plate4 Algae-Bacteria Growth Experiment","3/28/2018 13:38",494,208.591,42.234,503,211.788,42.133,"2"
"133",506.2,30.1519485274169,"12_2",12,"Day12-Plate5 Algae-Bacteria Growth Experiment","3/28/2018 13:48",603,223.372,37.064,577,205.222,35.56,"2"
"134",654.666666666667,20.8513255640446,"12_20",12,"Day12-Plate1 Algae-Bacteria Growth Experiment","3/28/2018 13:08",617,220.773,35.782,478,162.893,34.07,"20"
"135",654.666666666667,20.8513255640446,"12_20",12,"Day12-Plate3 Algae-Bacteria Growth Experiment","3/28/2018 13:28",658,259.246,39.399,645,256.913,39.804,"20"
"136",654.666666666667,20.8513255640446,"12_20",12,"Day12-Plate5 Algae-Bacteria Growth Experiment","3/28/2018 13:48",689,292.891,42.53,661,277.703,42.013,"20"
"137",631,44.5009363197375,"12_23",12,"Day12-Plate2 Algae-Bacteria Growth Experiment","3/28/2018 13:17",542,193.158,35.616,477,172.962,36.244,"23"
"138",631,44.5009363197375,"12_23",12,"Day12-Plate3 Algae-Bacteria Growth Experiment","3/28/2018 13:28",676,270.586,40.008,642,247.284,38.531,"23"
"139",631,44.5009363197375,"12_23",12,"Day12-Plate5 Algae-Bacteria Growth Experiment","3/28/2018 13:48",675,242.971,36.013,656,259.237,39.525,"23"
"140",498,21.221058723196,"12_24",12,"Day12-Plate1 Algae-Bacteria Growth Experiment","3/28/2018 13:08",457,190.325,41.687,343,134.336,39.165,"24"
"141",498,21.221058723196,"12_24",12,"Day12-Plate2 Algae-Bacteria Growth Experiment","3/28/2018 13:17",509,196.401,38.586,443,176.708,39.889,"24"
"142",498,21.221058723196,"12_24",12,"Day12-Plate4 Algae-Bacteria Growth Experiment","3/28/2018 13:38",528,239.057,45.238,521,229.294,43.973,"24"
"143",527.333333333333,49.4985970620493,"12_8",12,"Day12-Plate1 Algae-Bacteria Growth Experiment","3/28/2018 13:08",485,156.632,32.273,381,110.661,29.011,"8"
"144",527.333333333333,49.4985970620493,"12_8",12,"Day12-Plate3 Algae-Bacteria Growth Experiment","3/28/2018 13:28",626,237.733,38.003,604,220.799,36.576,"8"
"145",527.333333333333,49.4985970620493,"12_8",12,"Day12-Plate4 Algae-Bacteria Growth Experiment","3/28/2018 13:38",471,261.53,55.513,470,266.84,56.774,"8"
"146",622,36.0439546479943,"13_10",13,"Day13-Plate1 Algae-Bacteria Growth Experiment","3/29/2018 13:03",679,305.882,45.019,616,282.769,45.871,"10"
"147",622,36.0439546479943,"13_10",13,"Day13-Plate3 Algae-Bacteria Growth Experiment","3/29/2018 13:22",686,265.564,38.693,670,251.072,37.455,"10"
"148",622,36.0439546479943,"13_10",13,"Day13-Plate4 Algae-Bacteria Growth Experiment","3/29/2018 13:31",540,277.755,51.426,523,258.992,49.542,"10"
"149",622,36.0439546479943,"13_10",13,"Day13-Plate4 Algae-Bacteria Growth Experiment","3/29/2018 13:31",583,345.906,59.287,579,345.34,59.621,"10"
"150",584.5,20.5,"13_13",13,"Day13-Plate2 Algae-Bacteria Growth Experiment","3/29/2018 13:13",564,246.682,43.764,544,239.611,44.019,"13"
"151",584.5,20.5,"13_13",13,"Day13-Plate3 Algae-Bacteria Growth Experiment","3/29/2018 13:22",605,256.875,42.427,583,261.815,44.908,"13"
"152",521.333333333333,18.773503787105,"13_14",13,"Day13-Plate2 Algae-Bacteria Growth Experiment","3/29/2018 13:13",528,192.139,36.382,514,193.78,37.692,"14"
"153",521.333333333333,18.773503787105,"13_14",13,"Day13-Plate3 Algae-Bacteria Growth Experiment","3/29/2018 13:22",550,233.628,42.495,556,229.423,41.263,"14"
"154",521.333333333333,18.773503787105,"13_14",13,"Day13-Plate4 Algae-Bacteria Growth Experiment","3/29/2018 13:31",486,237.129,48.837,484,235.929,48.768,"14"
"155",578,14.7986485869487,"13_19",13,"Day13-Plate1 Algae-Bacteria Growth Experiment","3/29/2018 13:03",605,222.459,36.797,539,182.796,33.893,"19"
"156",578,14.7986485869487,"13_19",13,"Day13-Plate2 Algae-Bacteria Growth Experiment","3/29/2018 13:13",575,304.602,52.933,551,295.454,53.578,"19"
"157",578,14.7986485869487,"13_19",13,"Day13-Plate5 Algae-Bacteria Growth Experiment","3/29/2018 13:40",554,210.04,37.883,531,200.363,37.702,"19"
"158",522.8,20.3553432788543,"13_2",13,"Day13-Plate1 Algae-Bacteria Growth Experiment","3/29/2018 13:03",537,200.829,37.391,453,149.506,33.012,"2"
"159",522.8,20.3553432788543,"13_2",13,"Day13-Plate2 Algae-Bacteria Growth Experiment","3/29/2018 13:13",446,206.502,46.266,409,180.646,44.204,"2"
"160",522.8,20.3553432788543,"13_2",13,"Day13-Plate3 Algae-Bacteria Growth Experiment","3/29/2018 13:22",560,312.131,55.771,556,311.056,55.99,"2"
"161",522.8,20.3553432788543,"13_2",13,"Day13-Plate4 Algae-Bacteria Growth Experiment","3/29/2018 13:31",520,213.014,40.973,517,217.759,42.12,"2"
"162",522.8,20.3553432788543,"13_2",13,"Day13-Plate5 Algae-Bacteria Growth Experiment","3/29/2018 13:40",551,189.663,34.394,530,190.04,35.849,"2"
"163",651.666666666667,32.3384875616931,"13_20",13,"Day13-Plate1 Algae-Bacteria Growth Experiment","3/29/2018 13:03",707,258.676,36.582,600,243.874,40.631,"20"
"164",651.666666666667,32.3384875616931,"13_20",13,"Day13-Plate3 Algae-Bacteria Growth Experiment","3/29/2018 13:22",653,234.095,35.831,629,230.685,36.662,"20"
"165",651.666666666667,32.3384875616931,"13_20",13,"Day13-Plate5 Algae-Bacteria Growth Experiment","3/29/2018 13:40",595,250.306,42.053,576,229.227,39.804,"20"
"166",634,18.5831464863551,"13_23",13,"Day13-Plate2 Algae-Bacteria Growth Experiment","3/29/2018 13:13",624,221.106,35.408,555,202.549,36.481,"23"
"167",634,18.5831464863551,"13_23",13,"Day13-Plate3 Algae-Bacteria Growth Experiment","3/29/2018 13:22",670,254.076,37.941,655,257.425,39.322,"23"
"168",634,18.5831464863551,"13_23",13,"Day13-Plate5 Algae-Bacteria Growth Experiment","3/29/2018 13:40",608,225.123,37.04,592,222.251,37.528,"23"
"169",611,23.8607068908977,"13_24",13,"Day13-Plate1 Algae-Bacteria Growth Experiment","3/29/2018 13:03",649,311.224,47.979,593,294.457,49.637,"24"
"170",611,23.8607068908977,"13_24",13,"Day13-Plate2 Algae-Bacteria Growth Experiment","3/29/2018 13:13",617,249.786,40.455,590,251.743,42.66,"24"
"171",611,23.8607068908977,"13_24",13,"Day13-Plate4 Algae-Bacteria Growth Experiment","3/29/2018 13:31",567,217.175,38.302,563,189.593,33.669,"24"
"172",578.666666666667,42.9974159430282,"13_8",13,"Day13-Plate1 Algae-Bacteria Growth Experiment","3/29/2018 13:03",615,232.944,37.87,558,207.906,37.281,"8"
"173",578.666666666667,42.9974159430282,"13_8",13,"Day13-Plate3 Algae-Bacteria Growth Experiment","3/29/2018 13:22",628,233.291,37.122,619,247.011,39.926,"8"
"174",578.666666666667,42.9974159430282,"13_8",13,"Day13-Plate4 Algae-Bacteria Growth Experiment","3/29/2018 13:31",493,268.576,54.429,472,254.646,53.976,"8"
"175",96.25,3.70528901256928,"2_10",2,"Day2-Plate1 Algae-Bacteria Growth Experiment","3/18/2018 17:53",95,29.475,30.917,87,36.623,42.257,"10"
"176",96.25,3.70528901256928,"2_10",2,"Day2-Plate3 Algae-Bacteria Growth Experiment","3/18/2018 18:03",106,30.599,28.988,89,29.671,33.296,"10"
"177",96.25,3.70528901256928,"2_10",2,"Day2-Plate4 Algae-Bacteria Growth Experiment","3/18/2018 18:14",88,50.761,57.829,84,47.448,56.786,"10"
"178",96.25,3.70528901256928,"2_10",2,"Day2-Plate4 Algae-Bacteria Growth Experiment","3/18/2018 18:14",96,39.135,40.955,85,33.278,39.254,"10"
"179",101.5,8.5,"2_13",2,"Day2-Plate2 Algae-Bacteria Growth Experiment","3/18/2018 17:43",110,72.279,65.708,85,48.744,57.572,"13"
"180",101.5,8.5,"2_13",2,"Day2-Plate3 Algae-Bacteria Growth Experiment","3/18/2018 18:03",93,37.836,40.49,77,31.681,41.263,"13"
"181",79.3333333333333,5.60753461375357,"2_14",2,"Day2-Plate2 Algae-Bacteria Growth Experiment","3/18/2018 17:43",71,42.511,60.063,72,49.912,69.645,"14"
"182",79.3333333333333,5.60753461375357,"2_14",2,"Day2-Plate3 Algae-Bacteria Growth Experiment","3/18/2018 18:03",90,37.415,41.521,90,32.328,35.876,"14"
"183",79.3333333333333,5.60753461375357,"2_14",2,"Day2-Plate4 Algae-Bacteria Growth Experiment","3/18/2018 18:14",77,33.034,42.901,69,34.645,50.21,"14"
"184",82.6666666666667,6.17341972581738,"2_19",2,"Day2-Plate1 Algae-Bacteria Growth Experiment","3/18/2018 17:53",77,24.758,32.246,65,23.19,35.923,"19"
"185",82.6666666666667,6.17341972581738,"2_19",2,"Day2-Plate2 Algae-Bacteria Growth Experiment","3/18/2018 17:43",76,45.91,60.408,70,39.287,55.946,"19"
"186",82.6666666666667,6.17341972581738,"2_19",2,"Day2-Plate5 Algae-Bacteria Growth Experiment","3/18/2018 18:23",95,41.263,43.485,89,37.359,42.081,"19"
"187",56,2.54950975679639,"2_2",2,"Day2-Plate1 Algae-Bacteria Growth Experiment","3/18/2018 17:53",51,21.263,41.783,45,19.615,43.589,"2"
"188",56,2.54950975679639,"2_2",2,"Day2-Plate2 Algae-Bacteria Growth Experiment","3/18/2018 17:43",52,20.555,39.871,45,16.415,36.298,"2"
"189",56,2.54950975679639,"2_2",2,"Day2-Plate3 Algae-Bacteria Growth Experiment","3/18/2018 18:03",58,31.027,53.701,49,22.587,46.307,"2"
"190",56,2.54950975679639,"2_2",2,"Day2-Plate4 Algae-Bacteria Growth Experiment","3/18/2018 18:14",54,30.232,55.755,51,29.174,57.328,"2"
"191",56,2.54950975679639,"2_2",2,"Day2-Plate5 Algae-Bacteria Growth Experiment","3/18/2018 18:23",65,28.377,43.882,53,28.302,53.852,"2"
"192",94.6666666666667,1.76383420737639,"2_20",2,"Day2-Plate1 Algae-Bacteria Growth Experiment","3/18/2018 17:53",92,34.937,38.021,79,32.78,41.493,"20"
"193",94.6666666666667,1.76383420737639,"2_20",2,"Day2-Plate3 Algae-Bacteria Growth Experiment","3/18/2018 18:03",98,34.402,34.946,94,35.235,37.484,"20"
"194",94.6666666666667,1.76383420737639,"2_20",2,"Day2-Plate5 Algae-Bacteria Growth Experiment","3/18/2018 18:23",94,33.5,35.808,83,27.579,33.272,"20"
"195",85.6666666666667,6.2271805640898,"2_23",2,"Day2-Plate2 Algae-Bacteria Growth Experiment","3/18/2018 17:43",81,44.225,54.674,74,37.643,50.566,"23"
"196",85.6666666666667,6.2271805640898,"2_23",2,"Day2-Plate3 Algae-Bacteria Growth Experiment","3/18/2018 18:03",98,36.919,37.545,99,35.937,36.3,"23"
"197",85.6666666666667,6.2271805640898,"2_23",2,"Day2-Plate5 Algae-Bacteria Growth Experiment","3/18/2018 18:23",78,36.346,46.864,72,31.976,44.274,"23"
"198",64.6666666666667,3.71184290855335,"2_24",2,"Day2-Plate1 Algae-Bacteria Growth Experiment","3/18/2018 17:53",72,36.459,50.637,60,33.011,55.326,"24"
"199",64.6666666666667,3.71184290855335,"2_24",2,"Day2-Plate2 Algae-Bacteria Growth Experiment","3/18/2018 17:43",62,27.947,44.755,57,17.804,31.42,"24"
"200",64.6666666666667,3.71184290855335,"2_24",2,"Day2-Plate4 Algae-Bacteria Growth Experiment","3/18/2018 18:14",60,19.079,31.622,52,16.584,32.167,"24"
"201",93.3333333333333,4.66666666666667,"2_8",2,"Day2-Plate1 Algae-Bacteria Growth Experiment","3/18/2018 17:53",92,28.121,30.419,80,32.288,40.529,"8"
"202",93.3333333333333,4.66666666666667,"2_8",2,"Day2-Plate3 Algae-Bacteria Growth Experiment","3/18/2018 18:03",102,56.127,55.268,84,41.832,49.932,"8"
"203",93.3333333333333,4.66666666666667,"2_8",2,"Day2-Plate4 Algae-Bacteria Growth Experiment","3/18/2018 18:14",86,58.439,67.865,83,55.954,67.505,"8"
"204",278.25,19.4566826566093,"3_10",3,"Day3-Plate1 Algae-Bacteria Growth Experiment","3/19/2018 13:33",332,135.542,40.826,268,108.304,40.429,"10"
"205",278.25,19.4566826566093,"3_10",3,"Day3-Plate3 Algae-Bacteria Growth Experiment","3/19/2018 13:53",273,109.545,40.094,254,101.937,40.168,"10"
"206",278.25,19.4566826566093,"3_10",3,"Day3-Plate4 Algae-Bacteria Growth Experiment","3/19/2018 14:03",239,116.9,49.003,219,110.368,50.448,"10"
"207",278.25,19.4566826566093,"3_10",3,"Day3-Plate4 Algae-Bacteria Growth Experiment","3/19/2018 14:03",269,100.843,37.473,259,101.639,39.293,"10"
"208",234.5,13.5,"3_13",3,"Day3-Plate2 Algae-Bacteria Growth Experiment","3/19/2018 13:43",221,87.516,39.54,191,76.385,39.969,"13"
"209",234.5,13.5,"3_13",3,"Day3-Plate3 Algae-Bacteria Growth Experiment","3/19/2018 13:53",248,106.273,42.833,222,86.886,39.118,"13"
"210",224.666666666667,20.1687326765411,"3_14",3,"Day3-Plate2 Algae-Bacteria Growth Experiment","3/19/2018 13:43",204,68.899,33.793,195,62.372,32.04,"14"
"211",224.666666666667,20.1687326765411,"3_14",3,"Day3-Plate3 Algae-Bacteria Growth Experiment","3/19/2018 13:53",265,109.746,41.414,254,103.739,40.771,"14"
"212",224.666666666667,20.1687326765411,"3_14",3,"Day3-Plate4 Algae-Bacteria Growth Experiment","3/19/2018 14:03",205,98.838,48.136,216,103.791,47.977,"14"
"213",251.666666666667,20.9947083279996,"3_19",3,"Day3-Plate1 Algae-Bacteria Growth Experiment","3/19/2018 13:33",277,93.821,33.898,230,76.847,33.444,"19"
"214",251.666666666667,20.9947083279996,"3_19",3,"Day3-Plate2 Algae-Bacteria Growth Experiment","3/19/2018 13:43",210,112.208,53.545,188,93.997,50.087,"19"
"215",251.666666666667,20.9947083279996,"3_19",3,"Day3-Plate5 Algae-Bacteria Growth Experiment","3/19/2018 14:13",268,113.722,42.434,260,102.692,39.463,"19"
"216",188.6,9.6052069212485,"3_2",3,"Day3-Plate1 Algae-Bacteria Growth Experiment","3/19/2018 13:33",208,83.126,39.986,179,72.978,40.745,"2"
"217",188.6,9.6052069212485,"3_2",3,"Day3-Plate2 Algae-Bacteria Growth Experiment","3/19/2018 13:43",155,85.342,54.98,146,82.382,56.297,"2"
"218",188.6,9.6052069212485,"3_2",3,"Day3-Plate3 Algae-Bacteria Growth Experiment","3/19/2018 13:53",183,106.902,58.452,168,94.082,56.113,"2"
"219",188.6,9.6052069212485,"3_2",3,"Day3-Plate4 Algae-Bacteria Growth Experiment","3/19/2018 14:03",191,85.664,44.85,181,77.796,42.902,"2"
"220",188.6,9.6052069212485,"3_2",3,"Day3-Plate5 Algae-Bacteria Growth Experiment","3/19/2018 14:13",206,83.948,40.795,200,83.23,41.546,"2"
"221",290,20.5507501890645,"3_20",3,"Day3-Plate1 Algae-Bacteria Growth Experiment","3/19/2018 13:33",331,138.395,41.853,264,106.437,40.249,"20"
"222",290,20.5507501890645,"3_20",3,"Day3-Plate3 Algae-Bacteria Growth Experiment","3/19/2018 13:53",272,115.969,42.636,264,94.537,35.779,"20"
"223",290,20.5507501890645,"3_20",3,"Day3-Plate5 Algae-Bacteria Growth Experiment","3/19/2018 14:13",267,117.57,44.107,254,103.755,40.866,"20"
"224",265.666666666667,6.76592771006148,"3_23",3,"Day3-Plate2 Algae-Bacteria Growth Experiment","3/19/2018 13:43",257,88.012,34.261,227,78.709,34.657,"23"
"225",265.666666666667,6.76592771006148,"3_23",3,"Day3-Plate3 Algae-Bacteria Growth Experiment","3/19/2018 13:53",279,114.31,41.02,264,101.584,38.527,"23"
"226",265.666666666667,6.76592771006148,"3_23",3,"Day3-Plate5 Algae-Bacteria Growth Experiment","3/19/2018 14:13",261,109.716,41.965,252,92.165,36.541,"23"
"227",228.666666666667,25.1683222413502,"3_24",3,"Day3-Plate1 Algae-Bacteria Growth Experiment","3/19/2018 13:33",279,142.15,50.95,242,123.798,51.227,"24"
"228",228.666666666667,25.1683222413502,"3_24",3,"Day3-Plate2 Algae-Bacteria Growth Experiment","3/19/2018 13:43",204,66.165,32.452,185,61.366,33.171,"24"
"229",228.666666666667,25.1683222413502,"3_24",3,"Day3-Plate4 Algae-Bacteria Growth Experiment","3/19/2018 14:03",203,78.6,38.677,200,75.394,37.613,"24"
"230",255.666666666667,24.6666666666667,"3_8",3,"Day3-Plate1 Algae-Bacteria Growth Experiment","3/19/2018 13:33",287,94.739,33.01,233,76.943,32.976,"8"
"231",255.666666666667,24.6666666666667,"3_8",3,"Day3-Plate3 Algae-Bacteria Growth Experiment","3/19/2018 13:53",273,101.118,37.07,243,83.917,34.534,"8"
"232",255.666666666667,24.6666666666667,"3_8",3,"Day3-Plate4 Algae-Bacteria Growth Experiment","3/19/2018 14:03",207,109.296,52.687,215,109.328,50.798,"8"
"233",396.5,18.5898717944297,"4_10",4,"Day4-Plate1 Algae-Bacteria Growth Experiment","3/20/2018 14:09",444,192.272,43.315,362,155.172,42.865,"10"
"234",396.5,18.5898717944297,"4_10",4,"Day4-Plate3 Algae-Bacteria Growth Experiment","3/20/2018 14:30",388,154.039,39.712,374,136.988,36.617,"10"
"235",396.5,18.5898717944297,"4_10",4,"Day4-Plate4 Algae-Bacteria Growth Experiment","3/20/2018 14:40",354,180.917,51.123,330,171.792,52.076,"10"
"236",396.5,18.5898717944297,"4_10",4,"Day4-Plate4 Algae-Bacteria Growth Experiment","3/20/2018 14:40",400,157.904,39.454,388,147.558,37.987,"10"
"237",358.5,11.5,"4_13",4,"Day4-Plate2 Algae-Bacteria Growth Experiment","3/20/2018 14:21",347,149.824,43.149,302,128.358,42.565,"13"
"238",358.5,11.5,"4_13",4,"Day4-Plate3 Algae-Bacteria Growth Experiment","3/20/2018 14:30",370,142.858,38.645,336,143.818,42.746,"13"
"239",320.333333333333,7.66666666666667,"4_14",4,"Day4-Plate2 Algae-Bacteria Growth Experiment","3/20/2018 14:21",305,118.619,38.906,287,103.961,36.252,"14"
"240",320.333333333333,7.66666666666667,"4_14",4,"Day4-Plate3 Algae-Bacteria Growth Experiment","3/20/2018 14:30",328,133.699,40.79,332,129.218,38.895,"14"
"241",320.333333333333,7.66666666666667,"4_14",4,"Day4-Plate4 Algae-Bacteria Growth Experiment","3/20/2018 14:40",328,151.997,46.293,333,162.697,48.842,"14"
"242",363.333333333333,18.3151424904215,"4_19",4,"Day4-Plate1 Algae-Bacteria Growth Experiment","3/20/2018 14:09",334,105.708,31.681,298,101.652,34.137,"19"
"243",363.333333333333,18.3151424904215,"4_19",4,"Day4-Plate2 Algae-Bacteria Growth Experiment","3/20/2018 14:21",359,175.849,48.983,326,162.313,49.772,"19"
"244",363.333333333333,18.3151424904215,"4_19",4,"Day4-Plate5 Algae-Bacteria Growth Experiment","3/20/2018 14:49",397,147.52,37.169,389,138.548,35.637,"19"
"245",315.2,10.1311401135312,"4_2",4,"Day4-Plate1 Algae-Bacteria Growth Experiment","3/20/2018 14:09",322,129.307,40.102,280,104.517,37.372,"2"
"246",315.2,10.1311401135312,"4_2",4,"Day4-Plate2 Algae-Bacteria Growth Experiment","3/20/2018 14:21",282,124.861,44.312,265,114.219,43.156,"2"
"247",315.2,10.1311401135312,"4_2",4,"Day4-Plate3 Algae-Bacteria Growth Experiment","3/20/2018 14:30",320,170.45,53.284,309,172.563,55.785,"2"
"248",315.2,10.1311401135312,"4_2",4,"Day4-Plate4 Algae-Bacteria Growth Experiment","3/20/2018 14:40",308,140.693,45.647,304,141.294,46.461,"2"
"249",315.2,10.1311401135312,"4_2",4,"Day4-Plate5 Algae-Bacteria Growth Experiment","3/20/2018 14:49",344,119.684,34.826,316,114.131,36.143,"2"
"250",404,17.5594229214212,"4_20",4,"Day4-Plate1 Algae-Bacteria Growth Experiment","3/20/2018 14:09",439,162.088,36.931,363,129.125,35.561,"20"
"251",404,17.5594229214212,"4_20",4,"Day4-Plate3 Algae-Bacteria Growth Experiment","3/20/2018 14:30",384,152.564,39.765,372,153.447,41.212,"20"
"252",404,17.5594229214212,"4_20",4,"Day4-Plate5 Algae-Bacteria Growth Experiment","3/20/2018 14:49",389,164.583,42.358,351,149.603,42.622,"20"
"253",383,10.4403065089106,"4_23",4,"Day4-Plate2 Algae-Bacteria Growth Experiment","3/20/2018 14:21",364,142.818,39.272,334,122.746,36.799,"23"
"254",383,10.4403065089106,"4_23",4,"Day4-Plate3 Algae-Bacteria Growth Experiment","3/20/2018 14:30",385,148.909,38.711,373,146.527,39.319,"23"
"255",383,10.4403065089106,"4_23",4,"Day4-Plate5 Algae-Bacteria Growth Experiment","3/20/2018 14:49",400,159.307,39.816,387,153.873,39.738,"23"
"256",325.333333333333,11.6237305161085,"4_24",4,"Day4-Plate1 Algae-Bacteria Growth Experiment","3/20/2018 14:09",344,166.345,48.372,296,136.506,46.117,"24"
"257",325.333333333333,11.6237305161085,"4_24",4,"Day4-Plate2 Algae-Bacteria Growth Experiment","3/20/2018 14:21",304,108.098,35.585,256,90.811,35.442,"24"
"258",325.333333333333,11.6237305161085,"4_24",4,"Day4-Plate4 Algae-Bacteria Growth Experiment","3/20/2018 14:40",328,123.846,37.719,306,117.292,38.331,"24"
"259",357.333333333333,13.9084306966834,"4_8",4,"Day4-Plate1 Algae-Bacteria Growth Experiment","3/20/2018 14:09",385,139.335,36.212,346,105.319,30.468,"8"
"260",357.333333333333,13.9084306966834,"4_8",4,"Day4-Plate3 Algae-Bacteria Growth Experiment","3/20/2018 14:30",346,129.48,37.458,356,117.241,32.892,"8"
"261",357.333333333333,13.9084306966834,"4_8",4,"Day4-Plate4 Algae-Bacteria Growth Experiment","3/20/2018 14:40",341,174.262,51.17,333,177.844,53.46,"8"
"262",461.5,31.6899037549816,"5_10",5,"Day5-Plate1 Algae-Bacteria Growth Experiment","3/21/2018 13:11",505,207.625,41.15,408,174.801,42.808,"10"
"263",461.5,31.6899037549816,"5_10",5,"Day5-Plate3 Algae-Bacteria Growth Experiment","3/21/2018 13:30",517,192.996,37.322,477,166.061,34.781,"10"
"264",461.5,31.6899037549816,"5_10",5,"Day5-Plate4 Algae-Bacteria Growth Experiment","3/21/2018 13:39",379,181.597,47.957,349,177.116,50.782,"10"
"265",461.5,31.6899037549816,"5_10",5,"Day5-Plate4 Algae-Bacteria Growth Experiment","3/21/2018 13:39",445,178.621,40.17,431,171.782,39.836,"10"
"266",391,31,"5_13",5,"Day5-Plate2 Algae-Bacteria Growth Experiment","3/21/2018 13:20",360,156.409,43.407,321,144.749,45.078,"13"
"267",391,31,"5_13",5,"Day5-Plate3 Algae-Bacteria Growth Experiment","3/21/2018 13:30",422,164.942,39.117,382,140.915,36.889,"13"
"268",367.666666666667,15.3875851834451,"5_14",5,"Day5-Plate2 Algae-Bacteria Growth Experiment","3/21/2018 13:20",348,130.25,37.404,315,110.592,35.084,"14"
"269",367.666666666667,15.3875851834451,"5_14",5,"Day5-Plate3 Algae-Bacteria Growth Experiment","3/21/2018 13:30",398,172.552,43.391,368,148.486,40.362,"14"
"270",367.666666666667,15.3875851834451,"5_14",5,"Day5-Plate4 Algae-Bacteria Growth Experiment","3/21/2018 13:39",357,161.639,45.235,344,152.288,44.327,"14"
"271",381,38.0394532032205,"5_19",5,"Day5-Plate1 Algae-Bacteria Growth Experiment","3/21/2018 13:11",346,126.763,36.637,310,106.442,34.324,"19"
"272",381,38.0394532032205,"5_19",5,"Day5-Plate2 Algae-Bacteria Growth Experiment","3/21/2018 13:20",340,178.239,52.372,305,166.408,54.6,"19"
"273",381,38.0394532032205,"5_19",5,"Day5-Plate5 Algae-Bacteria Growth Experiment","3/21/2018 13:49",457,160.316,35.089,442,164.116,37.121,"19"
"274",380.8,27.7243575218615,"5_2",5,"Day5-Plate1 Algae-Bacteria Growth Experiment","3/21/2018 13:11",406,134.938,33.227,348,110.266,31.716,"2"
"275",380.8,27.7243575218615,"5_2",5,"Day5-Plate2 Algae-Bacteria Growth Experiment","3/21/2018 13:20",305,138.568,45.382,294,138.463,47.114,"2"
"276",380.8,27.7243575218615,"5_2",5,"Day5-Plate3 Algae-Bacteria Growth Experiment","3/21/2018 13:30",415,221.952,53.54,395,206.309,52.201,"2"
"277",380.8,27.7243575218615,"5_2",5,"Day5-Plate4 Algae-Bacteria Growth Experiment","3/21/2018 13:39",327,149.748,45.81,332,142.031,42.78,"2"
"278",380.8,27.7243575218615,"5_2",5,"Day5-Plate5 Algae-Bacteria Growth Experiment","3/21/2018 13:49",451,171.111,37.94,422,158.13,37.511,"2"
"279",512,17.3493515728975,"5_20",5,"Day5-Plate1 Algae-Bacteria Growth Experiment","3/21/2018 13:11",541,182.953,33.825,452,152.077,33.637,"20"
"280",512,17.3493515728975,"5_20",5,"Day5-Plate3 Algae-Bacteria Growth Experiment","3/21/2018 13:30",481,185.287,38.512,446,177.64,39.82,"20"
"281",512,17.3493515728975,"5_20",5,"Day5-Plate5 Algae-Bacteria Growth Experiment","3/21/2018 13:49",514,227.429,44.237,484,199.557,41.212,"20"
"282",485.333333333333,28.5909853702954,"5_23",5,"Day5-Plate2 Algae-Bacteria Growth Experiment","3/21/2018 13:20",435,151.896,34.892,401,150.196,37.414,"23"
"283",485.333333333333,28.5909853702954,"5_23",5,"Day5-Plate3 Algae-Bacteria Growth Experiment","3/21/2018 13:30",487,191.122,39.263,458,173.411,37.835,"23"
"284",485.333333333333,28.5909853702954,"5_23",5,"Day5-Plate5 Algae-Bacteria Growth Experiment","3/21/2018 13:49",534,206.366,38.677,495,184.242,37.237,"23"
"285",287,13.0511813003013,"5_24",5,"Day5-Plate1 Algae-Bacteria Growth Experiment","3/21/2018 13:11",306,137.776,45.058,267,126.089,47.166,"24"
"286",287,13.0511813003013,"5_24",5,"Day5-Plate2 Algae-Bacteria Growth Experiment","3/21/2018 13:20",262,110.025,42.03,247,95.658,38.745,"24"
"287",287,13.0511813003013,"5_24",5,"Day5-Plate4 Algae-Bacteria Growth Experiment","3/21/2018 13:39",293,113.35,38.686,290,108.852,37.578,"24"
"288",416.333333333333,31.0608721348545,"5_8",5,"Day5-Plate1 Algae-Bacteria Growth Experiment","3/21/2018 13:11",464,123.199,26.558,391,122.361,31.312,"8"
"289",416.333333333333,31.0608721348545,"5_8",5,"Day5-Plate3 Algae-Bacteria Growth Experiment","3/21/2018 13:30",427,160.043,37.471,397,137.852,34.753,"8"
"290",416.333333333333,31.0608721348545,"5_8",5,"Day5-Plate4 Algae-Bacteria Growth Experiment","3/21/2018 13:39",358,200.217,55.961,354,193.232,54.637,"8"
"291",496.5,36.2962348827901,"6_10",6,"Day6-Plate1 Algae-Bacteria Growth Experiment","3/22/2018 12:30",576,246.089,42.724,472,199.974,42.377,"10"
"292",496.5,36.2962348827901,"6_10",6,"Day6-Plate3 Algae-Bacteria Growth Experiment","3/22/2018 12:55",501,187.276,37.389,475,190.522,40.129,"10"
"293",496.5,36.2962348827901,"6_10",6,"Day6-Plate4 Algae-Bacteria Growth Experiment","3/22/2018 13:04",400,212.954,53.179,350,168.088,48.025,"10"
"294",496.5,36.2962348827901,"6_10",6,"Day6-Plate4 Algae-Bacteria Growth Experiment","3/22/2018 13:04",509,208.144,40.902,531,218.195,41.091,"10"
"295",453,16,"6_13",6,"Day6-Plate2 Algae-Bacteria Growth Experiment","3/22/2018 12:45",437,182.791,41.797,377,176.208,46.698,"13"
"296",453,16,"6_13",6,"Day6-Plate3 Algae-Bacteria Growth Experiment","3/22/2018 12:55",469,186.603,39.797,452,174.865,38.649,"13"
"297",394,15.3079500042734,"6_14",6,"Day6-Plate2 Algae-Bacteria Growth Experiment","3/22/2018 12:45",371,143.532,38.676,366,145.184,39.62,"14"
"298",394,15.3079500042734,"6_14",6,"Day6-Plate3 Algae-Bacteria Growth Experiment","3/22/2018 12:55",423,187.515,44.306,413,177.501,42.944,"14"
"299",394,15.3079500042734,"6_14",6,"Day6-Plate4 Algae-Bacteria Growth Experiment","3/22/2018 13:04",388,189.323,48.851,385,183.875,47.801,"14"
"300",433,29.280255007997,"6_19",6,"Day6-Plate1 Algae-Bacteria Growth Experiment","3/22/2018 12:30",455,165.257,36.303,389,144.553,37.139,"19"
"301",433,29.280255007997,"6_19",6,"Day6-Plate2 Algae-Bacteria Growth Experiment","3/22/2018 12:45",375,192.844,51.44,343,178.976,52.23,"19"
"302",433,29.280255007997,"6_19",6,"Day6-Plate5 Algae-Bacteria Growth Experiment","3/22/2018 13:14",469,185.223,39.512,460,182.851,39.769,"19"
"303",431,22.9194240765339,"6_2",6,"Day6-Plate1 Algae-Bacteria Growth Experiment","3/22/2018 12:30",480,186.879,38.906,403,159.662,39.586,"2"
"304",431,22.9194240765339,"6_2",6,"Day6-Plate2 Algae-Bacteria Growth Experiment","3/22/2018 12:45",362,170.078,47.026,351,175.618,50.049,"2"
"305",431,22.9194240765339,"6_2",6,"Day6-Plate3 Algae-Bacteria Growth Experiment","3/22/2018 12:55",423,221.291,52.273,437,229.144,52.489,"2"
"306",431,22.9194240765339,"6_2",6,"Day6-Plate4 Algae-Bacteria Growth Experiment","3/22/2018 13:04",407,181.76,44.671,398,171.218,42.984,"2"
"307",431,22.9194240765339,"6_2",6,"Day6-Plate5 Algae-Bacteria Growth Experiment","3/22/2018 13:14",483,182.291,37.759,460,173.514,37.693,"2"
"308",523,25.2388589282479,"6_20",6,"Day6-Plate1 Algae-Bacteria Growth Experiment","3/22/2018 12:30",564,200.804,35.632,461,149.164,32.333,"20"
"309",523,25.2388589282479,"6_20",6,"Day6-Plate3 Algae-Bacteria Growth Experiment","3/22/2018 12:55",477,179.144,37.53,465,173.575,37.328,"20"
"310",523,25.2388589282479,"6_20",6,"Day6-Plate5 Algae-Bacteria Growth Experiment","3/22/2018 13:14",528,231.077,43.755,504,223.711,44.368,"20"
"311",474.333333333333,34.0310315904633,"6_23",6,"Day6-Plate2 Algae-Bacteria Growth Experiment","3/22/2018 12:45",420,163.381,38.921,414,150.814,36.429,"23"
"312",474.333333333333,34.0310315904633,"6_23",6,"Day6-Plate3 Algae-Bacteria Growth Experiment","3/22/2018 12:55",466,182.529,39.151,443,179.714,40.537,"23"
"313",474.333333333333,34.0310315904633,"6_23",6,"Day6-Plate5 Algae-Bacteria Growth Experiment","3/22/2018 13:14",537,196.639,36.641,518,194.924,37.646,"23"
"314",360.666666666667,28.9616604803277,"6_24",6,"Day6-Plate1 Algae-Bacteria Growth Experiment","3/22/2018 12:30",413,188.881,45.758,332,146.658,44.204,"24"
"315",360.666666666667,28.9616604803277,"6_24",6,"Day6-Plate2 Algae-Bacteria Growth Experiment","3/22/2018 12:45",313,117.561,37.586,286,97.842,34.264,"24"
"316",360.666666666667,28.9616604803277,"6_24",6,"Day6-Plate4 Algae-Bacteria Growth Experiment","3/22/2018 13:04",356,147.799,41.542,344,142.374,41.401,"24"
"317",452.666666666667,35.6199070433624,"6_8",6,"Day6-Plate1 Algae-Bacteria Growth Experiment","3/22/2018 12:30",517,162.606,31.459,414,138.382,33.39,"8"
"318",452.666666666667,35.6199070433624,"6_8",6,"Day6-Plate3 Algae-Bacteria Growth Experiment","3/22/2018 12:55",447,167.565,37.468,429,177.145,41.271,"8"
"319",452.666666666667,35.6199070433624,"6_8",6,"Day6-Plate4 Algae-Bacteria Growth Experiment","3/22/2018 13:04",394,202.293,51.401,369,192.757,52.269,"8"
"320",556,36.1547599448076,"7_10",7,"Day7-Plate1 Algae-Bacteria Growth Experiment","3/23/2018 14:04",601,253.002,42.089,518,219.673,42.381,"10"
"321",556,36.1547599448076,"7_10",7,"Day7-Plate3 Algae-Bacteria Growth Experiment","3/23/2018 14:23",585,211.543,36.134,544,209.132,38.412,"10"
"322",556,36.1547599448076,"7_10",7,"Day7-Plate4 Algae-Bacteria Growth Experiment","3/23/2018 14:32",448,212.601,47.503,410,202.09,49.29,"10"
"323",556,36.1547599448076,"7_10",7,"Day7-Plate4 Algae-Bacteria Growth Experiment","3/23/2018 14:32",590,209.072,35.409,578,197.518,34.153,"10"
"324",422.5,54.5,"7_13",7,"Day7-Plate2 Algae-Bacteria Growth Experiment","3/23/2018 14:13",368,159.123,43.214,317,132.749,41.935,"13"
"325",422.5,54.5,"7_13",7,"Day7-Plate3 Algae-Bacteria Growth Experiment","3/23/2018 14:23",477,215.047,45.094,468,201.013,42.982,"13"
"326",428.666666666667,9.68389269755597,"7_14",7,"Day7-Plate2 Algae-Bacteria Growth Experiment","3/23/2018 14:13",418,156.271,37.415,378,151.752,40.158,"14"
"327",428.666666666667,9.68389269755597,"7_14",7,"Day7-Plate3 Algae-Bacteria Growth Experiment","3/23/2018 14:23",448,198.116,44.244,442,187.884,42.465,"14"
"328",428.666666666667,9.68389269755597,"7_14",7,"Day7-Plate4 Algae-Bacteria Growth Experiment","3/23/2018 14:32",420,200.806,47.824,403,184.762,45.859,"14"
"329",493,43.890014050275,"7_19",7,"Day7-Plate1 Algae-Bacteria Growth Experiment","3/23/2018 14:04",491,182.004,37.043,435,149.255,34.338,"19"
"330",493,43.890014050275,"7_19",7,"Day7-Plate2 Algae-Bacteria Growth Experiment","3/23/2018 14:13",418,221.398,53.008,369,192.683,52.155,"19"
"331",493,43.890014050275,"7_19",7,"Day7-Plate5 Algae-Bacteria Growth Experiment","3/23/2018 14:41",570,211.863,37.198,535,210.185,39.287,"19"
"332",472.8,23.5486729987063,"7_2",7,"Day7-Plate1 Algae-Bacteria Growth Experiment","3/23/2018 14:04",511,189.35,37.055,463,168.43,36.352,"2"
"333",472.8,23.5486729987063,"7_2",7,"Day7-Plate2 Algae-Bacteria Growth Experiment","3/23/2018 14:13",394,187.396,47.589,382,184.851,48.348,"2"
"334",472.8,23.5486729987063,"7_2",7,"Day7-Plate3 Algae-Bacteria Growth Experiment","3/23/2018 14:23",480,253.221,52.803,466,247.733,53.124,"2"
"335",472.8,23.5486729987063,"7_2",7,"Day7-Plate4 Algae-Bacteria Growth Experiment","3/23/2018 14:32",452,191.989,42.486,439,196.516,44.764,"2"
"336",472.8,23.5486729987063,"7_2",7,"Day7-Plate5 Algae-Bacteria Growth Experiment","3/23/2018 14:41",527,213.268,40.451,507,186.566,36.766,"2"
"337",595,29.8161030317512,"7_20",7,"Day7-Plate1 Algae-Bacteria Growth Experiment","3/23/2018 14:04",636,233.979,36.77,551,197.993,35.919,"20"
"338",595,29.8161030317512,"7_20",7,"Day7-Plate3 Algae-Bacteria Growth Experiment","3/23/2018 14:23",537,188.744,35.155,514,183.162,35.619,"20"
"339",595,29.8161030317512,"7_20",7,"Day7-Plate5 Algae-Bacteria Growth Experiment","3/23/2018 14:41",612,263.228,43.034,572,248.925,43.501,"20"
"340",566,34.7754702819866,"7_23",7,"Day7-Plate2 Algae-Bacteria Growth Experiment","3/23/2018 14:13",500,172.295,34.428,450,144.969,32.191,"23"
"341",566,34.7754702819866,"7_23",7,"Day7-Plate3 Algae-Bacteria Growth Experiment","3/23/2018 14:23",580,231.614,39.941,529,199.765,37.771,"23"
"342",566,34.7754702819866,"7_23",7,"Day7-Plate5 Algae-Bacteria Growth Experiment","3/23/2018 14:41",618,222.719,36.045,592,223.39,37.721,"23"
"343",402,30.4357246231026,"7_24",7,"Day7-Plate1 Algae-Bacteria Growth Experiment","3/23/2018 14:04",449,209.911,46.774,398,187.569,47.181,"24"
"344",402,30.4357246231026,"7_24",7,"Day7-Plate2 Algae-Bacteria Growth Experiment","3/23/2018 14:13",345,129.674,37.611,305,114.525,37.563,"24"
"345",402,30.4357246231026,"7_24",7,"Day7-Plate4 Algae-Bacteria Growth Experiment","3/23/2018 14:32",412,163.64,39.708,417,156.199,37.498,"24"
"346",475,35.5527776692624,"7_8",7,"Day7-Plate1 Algae-Bacteria Growth Experiment","3/23/2018 14:04",527,179.041,33.966,442,131.531,29.751,"8"
"347",475,35.5527776692624,"7_8",7,"Day7-Plate3 Algae-Bacteria Growth Experiment","3/23/2018 14:23",491,189.248,38.552,461,176.168,38.251,"8"
"348",475,35.5527776692624,"7_8",7,"Day7-Plate4 Algae-Bacteria Growth Experiment","3/23/2018 14:32",407,201.203,49.395,396,194.206,48.987,"8"
"349",587.25,38.2434634937789,"8_10",8,"Day8-Plate1 Algae-Bacteria Growth Experiment","3/24/2018 15:45",588,251.057,42.697,464,188.236,40.539,"10"
"350",587.25,38.2434634937789,"8_10",8,"Day8-Plate3 Algae-Bacteria Growth Experiment","3/24/2018 16:05",617,247.639,40.114,569,218.688,38.426,"10"
"351",587.25,38.2434634937789,"8_10",8,"Day8-Plate4 Algae-Bacteria Growth Experiment","3/24/2018 16:15",482,252.128,52.285,434,228.481,52.632,"10"
"352",587.25,38.2434634937789,"8_10",8,"Day8-Plate4 Algae-Bacteria Growth Experiment","3/24/2018 16:15",662,231.76,35.003,674,235.935,34.994,"10"
"353",452,2,"8_13",8,"Day8-Plate2 Algae-Bacteria Growth Experiment","3/24/2018 15:56",454,181.885,40.063,408,171.273,41.967,"13"
"354",452,2,"8_13",8,"Day8-Plate3 Algae-Bacteria Growth Experiment","3/24/2018 16:05",450,177.428,39.399,404,154.99,38.332,"13"
"355",443,6.65832811847939,"8_14",8,"Day8-Plate2 Algae-Bacteria Growth Experiment","3/24/2018 15:56",452,177.723,39.319,404,159.922,39.617,"14"
"356",443,6.65832811847939,"8_14",8,"Day8-Plate3 Algae-Bacteria Growth Experiment","3/24/2018 16:05",430,183.421,42.678,433,187.523,43.308,"14"
"357",443,6.65832811847939,"8_14",8,"Day8-Plate4 Algae-Bacteria Growth Experiment","3/24/2018 16:15",447,215.987,48.343,447,214.168,47.865,"14"
"358",491.666666666667,32.5900461968238,"8_19",8,"Day8-Plate1 Algae-Bacteria Growth Experiment","3/24/2018 15:45",477,155.376,32.574,411,128.84,31.314,"19"
"359",491.666666666667,32.5900461968238,"8_19",8,"Day8-Plate2 Algae-Bacteria Growth Experiment","3/24/2018 15:56",444,227.876,51.375,386,187.776,48.605,"19"
"360",491.666666666667,32.5900461968238,"8_19",8,"Day8-Plate5 Algae-Bacteria Growth Experiment","3/24/2018 16:24",554,215.142,38.865,522,201.606,38.655,"19"
"361",474.8,30.1171047745297,"8_2",8,"Day8-Plate1 Algae-Bacteria Growth Experiment","3/24/2018 15:45",537,197.83,36.817,466,168.519,36.154,"2"
"362",474.8,30.1171047745297,"8_2",8,"Day8-Plate2 Algae-Bacteria Growth Experiment","3/24/2018 15:56",396,186.236,47.056,365,161.187,44.107,"2"
"363",474.8,30.1171047745297,"8_2",8,"Day8-Plate3 Algae-Bacteria Growth Experiment","3/24/2018 16:05",449,212.906,47.371,414,199.35,48.1,"2"
"364",474.8,30.1171047745297,"8_2",8,"Day8-Plate4 Algae-Bacteria Growth Experiment","3/24/2018 16:15",439,189.247,43.065,450,205.334,45.641,"2"
"365",474.8,30.1171047745297,"8_2",8,"Day8-Plate5 Algae-Bacteria Growth Experiment","3/24/2018 16:24",553,211.499,38.246,517,197.661,38.208,"2"
"366",626,22.8108161479008,"8_20",8,"Day8-Plate1 Algae-Bacteria Growth Experiment","3/24/2018 15:45",666,243.239,36.516,542,182.603,33.684,"20"
"367",626,22.8108161479008,"8_20",8,"Day8-Plate3 Algae-Bacteria Growth Experiment","3/24/2018 16:05",587,245.651,41.817,586,231.078,39.448,"20"
"368",626,22.8108161479008,"8_20",8,"Day8-Plate5 Algae-Bacteria Growth Experiment","3/24/2018 16:24",625,265.492,42.456,604,254.075,42.065,"20"
"369",597.666666666667,21.9418423211098,"8_23",8,"Day8-Plate2 Algae-Bacteria Growth Experiment","3/24/2018 15:56",560,203.68,36.379,512,177.244,34.603,"23"
"370",597.666666666667,21.9418423211098,"8_23",8,"Day8-Plate3 Algae-Bacteria Growth Experiment","3/24/2018 16:05",597,244.856,40.984,558,215.778,38.654,"23"
"371",597.666666666667,21.9418423211098,"8_23",8,"Day8-Plate5 Algae-Bacteria Growth Experiment","3/24/2018 16:24",636,253.003,39.801,599,242.808,40.536,"23"
"372",432,10.2143689640297,"8_24",8,"Day8-Plate1 Algae-Bacteria Growth Experiment","3/24/2018 15:45",448,220.519,49.211,373,179.512,48.084,"24"
"373",432,10.2143689640297,"8_24",8,"Day8-Plate2 Algae-Bacteria Growth Experiment","3/24/2018 15:56",413,166.463,40.338,362,138.661,38.304,"24"
"374",432,10.2143689640297,"8_24",8,"Day8-Plate4 Algae-Bacteria Growth Experiment","3/24/2018 16:15",435,182.325,41.903,417,176.991,42.421,"24"
"375",486.666666666667,23.2115871447382,"8_8",8,"Day8-Plate1 Algae-Bacteria Growth Experiment","3/24/2018 15:45",533,184.416,34.629,433,147.37,34.035,"8"
"376",486.666666666667,23.2115871447382,"8_8",8,"Day8-Plate3 Algae-Bacteria Growth Experiment","3/24/2018 16:05",466,159.049,34.163,445,143.124,32.163,"8"
"377",486.666666666667,23.2115871447382,"8_8",8,"Day8-Plate4 Algae-Bacteria Growth Experiment","3/24/2018 16:15",461,236.476,51.309,452,251.176,55.515,"8"
"378",598,39.5073832762097,"9_10",9,"Day9-Plate1 Algae-Bacteria Growth Experiment","3/25/2018 14:23",590,270.771,45.911,432,176.559,40.881,"10"
"379",598,39.5073832762097,"9_10",9,"Day9-Plate3 Algae-Bacteria Growth Experiment","3/25/2018 14:41",597,213.297,35.721,536,189.277,35.32,"10"
"380",598,39.5073832762097,"9_10",9,"Day9-Plate4 Algae-Bacteria Growth Experiment","3/25/2018 14:51",506,274.867,54.31,485,264.477,54.544,"10"
"381",598,39.5073832762097,"9_10",9,"Day9-Plate4 Algae-Bacteria Growth Experiment","3/25/2018 14:51",699,244.432,34.991,673,226.892,33.691,"10"
"382",467.5,34.5,"9_13",9,"Day9-Plate2 Algae-Bacteria Growth Experiment","3/25/2018 14:32",433,180.22,41.632,347,146.367,42.14,"13"
"383",467.5,34.5,"9_13",9,"Day9-Plate3 Algae-Bacteria Growth Experiment","3/25/2018 14:41",502,205.375,40.948,452,182.562,40.4,"13"
"384",483.666666666667,5.48735921105144,"9_14",9,"Day9-Plate2 Algae-Bacteria Growth Experiment","3/25/2018 14:32",484,184.352,38.098,414,157.495,38.012,"14"
"385",483.666666666667,5.48735921105144,"9_14",9,"Day9-Plate3 Algae-Bacteria Growth Experiment","3/25/2018 14:41",474,205.843,43.406,463,204.782,44.272,"14"
"386",483.666666666667,5.48735921105144,"9_14",9,"Day9-Plate4 Algae-Bacteria Growth Experiment","3/25/2018 14:51",493,232.852,47.253,480,232.189,48.384,"14"
"387",515.666666666667,8.00694143297621,"9_19",9,"Day9-Plate1 Algae-Bacteria Growth Experiment","3/25/2018 14:23",531,187.366,35.293,439,146.411,33.359,"19"
"388",515.666666666667,8.00694143297621,"9_19",9,"Day9-Plate2 Algae-Bacteria Growth Experiment","3/25/2018 14:32",504,269.022,53.389,473,254.865,53.832,"19"
"389",515.666666666667,8.00694143297621,"9_19",9,"Day9-Plate5 Algae-Bacteria Growth Experiment","3/25/2018 15:00",512,179.934,35.159,498,181.397,36.401,"19"
"390",517.8,20.1777104746797,"9_2",9,"Day9-Plate1 Algae-Bacteria Growth Experiment","3/25/2018 14:23",549,207.523,37.793,468,157.871,33.741,"2"
"391",517.8,20.1777104746797,"9_2",9,"Day9-Plate2 Algae-Bacteria Growth Experiment","3/25/2018 14:32",444,194.321,43.799,416,176.238,42.365,"2"
"392",517.8,20.1777104746797,"9_2",9,"Day9-Plate3 Algae-Bacteria Growth Experiment","3/25/2018 14:41",529,250.697,47.431,461,206.188,44.726,"2"
"393",517.8,20.1777104746797,"9_2",9,"Day9-Plate4 Algae-Bacteria Growth Experiment","3/25/2018 14:51",510,213.43,41.885,490,234.552,47.857,"2"
"394",517.8,20.1777104746797,"9_2",9,"Day9-Plate5 Algae-Bacteria Growth Experiment","3/25/2018 15:00",557,211.88,38.055,535,184.196,34.401,"2"
"395",640,17.6162803489651,"9_20",9,"Day9-Plate1 Algae-Bacteria Growth Experiment","3/25/2018 14:23",670,255.573,38.139,558,219.207,39.308,"20"
"396",640,17.6162803489651,"9_20",9,"Day9-Plate3 Algae-Bacteria Growth Experiment","3/25/2018 14:41",641,285.759,44.549,619,261.872,42.328,"20"
"397",640,17.6162803489651,"9_20",9,"Day9-Plate5 Algae-Bacteria Growth Experiment","3/25/2018 15:00",609,254.596,41.813,585,239.878,41.036,"20"
"398",603,34.4431899413125,"9_23",9,"Day9-Plate2 Algae-Bacteria Growth Experiment","3/25/2018 14:32",546,160.4,29.395,490,140.977,28.777,"23"
"399",603,34.4431899413125,"9_23",9,"Day9-Plate3 Algae-Bacteria Growth Experiment","3/25/2018 14:41",598,228.567,38.25,526,198.992,37.815,"23"
"400",603,34.4431899413125,"9_23",9,"Day9-Plate5 Algae-Bacteria Growth Experiment","3/25/2018 15:00",665,263.166,39.561,633,246.277,38.934,"23"
"401",472.666666666667,22.8132515096916,"9_24",9,"Day9-Plate1 Algae-Bacteria Growth Experiment","3/25/2018 14:23",480,236.227,49.168,441,224.298,50.836,"24"
"402",472.666666666667,22.8132515096916,"9_24",9,"Day9-Plate2 Algae-Bacteria Growth Experiment","3/25/2018 14:32",430,174.086,40.496,349,143.083,40.972,"24"
"403",472.666666666667,22.8132515096916,"9_24",9,"Day9-Plate4 Algae-Bacteria Growth Experiment","3/25/2018 14:51",508,231.241,45.54,468,212.658,45.483,"24"
"404",506.333333333333,3.92994204085053,"9_8",9,"Day9-Plate1 Algae-Bacteria Growth Experiment","3/25/2018 14:23",514,154.765,30.11,414,131.137,31.684,"8"
"405",506.333333333333,3.92994204085053,"9_8",9,"Day9-Plate3 Algae-Bacteria Growth Experiment","3/25/2018 14:41",504,177.434,35.182,436,140.012,32.129,"8"
"406",506.333333333333,3.92994204085053,"9_8",9,"Day9-Plate4 Algae-Bacteria Growth Experiment","3/25/2018 14:51",501,258.081,51.468,466,252.041,54.073,"8"
